NPA,NXX,MBI Block,Company,OCN,Status,Rate Center,Date Assigned,Remarks
,,,,,,,,2018-10-26
639,200,0000-9999,SaskTel Mobility,9868,In Service,Allan,Aug 17 2015 ,
639,201,0000-9999,SaskTel Mobility,9868,In Service,Avonlea,Aug 17 2015 ,
639,202,0000-9999,SaskTel Mobility,9868,In Service,Beechy,Aug 17 2015 ,
639,203,0000-9999,SaskTel Mobility,9868,In Service,Bethune,Aug 17 2015 ,
639,204,0000-9999,,,Not Available,,N/A,
639,205,0000-9999,SaskTel Mobility,9868,In Service,Broadview,Aug 17 2015 ,
639,206,0000-9999,SaskTel Mobility,9868,In Service,Bruno,Aug 17 2015 ,
639,207,0000-9999,SaskTel Mobility,9868,In Service,Colonsay,Aug 17 2015 ,
639,208,0000-9999,SaskTel Mobility,9868,In Service,Craik,Aug 17 2015 ,
639,209,0000-9999,SaskTel Mobility,9868,In Service,Dinsmore,Aug 17 2015 ,
639,210,0000-9999,,,Not Available,,N/A,
639,211,0000-9999,,,Not Available,,N/A,
639,212,0000-9999,SaskTel Mobility,9868,In Service,Duck Lake,Aug 17 2015 ,
639,213,0000-9999,SaskTel Mobility,9868,In Service,Hanley,Aug 17 2015 ,
639,214,0000-9999,SaskTel Mobility,9868,In Service,Pinehouse,Aug 17 2015 ,
639,215,0000-9999,SaskTel Mobility,9868,In Service,Blaine Lake,Aug 17 2015 ,
639,216,0000-9999,SaskTel Mobility,9868,In Service,Wollaston Lake,Aug 17 2015 ,
639,217,0000-9999,,,Not Available,,N/A,
639,218,0000-9999,,,Not Available,,N/A,
639,219,0000-9999,Bell Mobility,6574,In Service,Stoughton,Jul 24 2017 ,
639,220,0000-9999,Bell Mobility,6574,In Service,Beauval,Jul 24 2017 ,
639,221,0000-9999,Bell Mobility,6574,In Service,Bengough,Jul 24 2017 ,
639,222,0000-9999,Bell Mobility,6574,In Service,Birch Hills,Jul 24 2017 ,
639,223,0000-9999,Bell Mobility,6574,In Service,Cabri,Jul 24 2017 ,
639,224,0000-9999,Bell Mobility,6574,In Service,Calder,Jul 24 2017 ,
639,225,0000-9999,Bell Mobility,6574,In Service,Canwood,Jul 24 2017 ,
639,226,0000-9999,Bell Mobility,6574,In Service,Central Butte,Jul 24 2017 ,
639,227,0000-9999,Bell Mobility,6574,In Service,Birch Hills,Oct 28 2016 ,
639,228,0000-9999,Bell Mobility,6574,In Service,Kinistino,Oct 28 2016 ,
639,229,0000-9999,Bell Mobility,6574,In Service,Naicam,Oct 28 2016 ,
639,230,0000-9999,Bell Mobility,6574,In Service,Canwood,Oct 28 2016 ,
639,231,0000-9999,Bell Mobility,6574,In Service,Porcupine Plain,Oct 28 2016 ,
639,232,0000-9999,Bell Mobility,6574,In Service,Leask,Oct 28 2016 ,
639,233,0000-9999,Bell Mobility,6574,In Service,Smeaton,Oct 28 2016 ,
639,234,0000-9999,Bell Mobility,6574,In Service,Goodsoil,Oct 28 2016 ,
639,235,0000-9999,Bell Mobility,6574,In Service,Kyle,Oct 28 2016 ,
639,236,0000-9999,SaskTel Mobility,9868,In Service,Buffalo Narrows,Oct 29 2014 ,
639,237,0000-9999,SaskTel Mobility,9868,In Service,Goodsoil,Oct 29 2014 ,
639,238,0000-9999,,,Not Available,,N/A,
639,239,0000-9999,,,Not Available,,N/A,
639,240,0000-9999,Bell Mobility,6574,In Service,Eastend,Jul 24 2017 ,
639,241,0000-9999,Bell Mobility,6574,In Service,Frontier,Jul 24 2017 ,
639,242,0000-9999,Bell Mobility,6574,In Service,Herbert,Jul 24 2017 ,
639,243,0000-9999,Bell Mobility,6574,In Service,Ituna,Jul 24 2017 ,
639,244,0000-9999,Bell Mobility,6574,In Service,Kinistino,Jul 24 2017 ,
639,245,0000-9999,Bell Mobility,6574,In Service,Kyle,Jul 24 2017 ,
639,246,0000-9999,Bell Mobility,6574,In Service,Lafleche,Jul 24 2017 ,
639,247,0000-9999,Bell Mobility,6574,In Service,Leader,Jul 24 2017 ,
639,248,0000-9999,Bell Mobility,6574,In Service,Leask,Jul 24 2017 ,
639,249,0000-9999,Bell Mobility,6574,In Service,Luseland,Jul 24 2017 ,
639,250,0000-9999,,,Not Available,,N/A,
639,251,0000-9999,Bell Mobility,6574,In Service,Elrose,Oct 28 2016 ,
639,252,0000-9999,Bell Mobility,6574,In Service,Luseland,Oct 27 2016 ,
639,253,0000-9999,Bell Mobility,6574,In Service,Neilburg,Oct 27 2016 ,
639,254,0000-9999,Bell Mobility,6574,In Service,Pierceland,Oct 27 2016 ,
639,255,0000-9999,Bell Mobility,6574,In Service,St. Walburg,Oct 27 2016 ,
639,256,0000-9999,Bell Mobility,6574,In Service,Watson,Oct 27 2016 ,
639,257,0000-9999,Bell Mobility,6574,In Service,Yellow Creek,Oct 27 2016 ,
639,258,0000-9999,Bell Mobility,6574,In Service,Beauval,Oct 27 2016 ,
639,259,0000-9999,Bell Mobility,6574,In Service,Ile-A-La-Crosse,Oct 27 2016 ,
639,260,0000-9999,Bell Mobility,6574,In Service,Morse,Jul 24 2017 ,
639,261,0000-9999,Bell Mobility,6574,In Service,Naicam,Jul 24 2017 ,
639,262,0000-9999,Bell Mobility,6574,In Service,Norquay,Jul 24 2017 ,
639,263,0000-9999,Bell Mobility,6574,In Service,Pangman,Jul 24 2017 ,
639,264,0000-9999,Bell Mobility,6574,In Service,Pierceland,Jul 24 2017 ,
639,265,0000-9999,Bell Mobility,6574,In Service,Ponteix,Jul 24 2017 ,
639,266,0000-9999,Bell Mobility,6574,In Service,Rockglen,Jul 24 2017 ,
639,267,0000-9999,Bell Mobility,6574,In Service,Rose Valley,Jul 24 2017 ,
639,268,0000-9999,Bell Mobility,6574,In Service,Smeaton,Jul 24 2017 ,
639,269,0000-9999,Bell Mobility,6574,In Service,Wadena,Jul 24 2017 ,
639,270,0000-9999,,,Not Available,,N/A,
639,271,0000-9999,,,Not Available,,N/A,
639,272,0000-9999,,,Not Available,,N/A,
639,273,0000-9999,,,Not Available,,N/A,
639,274,0000-9999,,,Not Available,,N/A,
639,275,0000-9999,SaskTel Mobility,9868,In Service,Lestock,Nov  1 2014 ,
639,276,0000-9999,,,Not Available,,N/A,
639,277,0000-9999,,,Not Available,,N/A,
639,278,0000-9999,,,Not Available,,N/A,
639,279,0000-9999,,,Not Available,,N/A,
639,280,0000-9999,SaskTel Mobility,9868,In Service,Watson,Aug 13 2014 ,
639,281,0000-9999,,,Not Available,,N/A,
639,282,0000-9999,,,Not Available,,N/A,
639,283,0000-9999,Bell Mobility,6574,In Service,Wynyard,Apr 20 2017 ,
639,284,0000-9999,Bell Mobility,6574,In Service,Saltcoats,Apr 20 2017 ,
639,285,0000-9999,Bell Mobility,6574,In Service,Langenburg,Apr 20 2017 ,
639,286,0000-9999,Bell Mobility,6574,In Service,Preeceville,Apr 20 2017 ,
639,287,0000-9999,Bell Mobility,6574,In Service,Kamsack,Apr 20 2017 ,
639,288,0000-9999,Bell Mobility,6574,In Service,Foam Lake,Apr 20 2017 ,
639,289,0000-9999,Bell Mobility,6574,In Service,Esterhazy,Apr 20 2017 ,
639,290,0000-9999,Bell Mobility,6574,In Service,Canora,Apr 20 2017 ,
639,291,0000-9999,Bell Mobility,6574,In Service,Melville,Apr 20 2017 ,
639,292,0000-9999,Bell Mobility,6574,In Service,Calder,Apr 20 2017 ,
639,293,0000-9999,,,Not Available,,N/A,
639,294,0000-9999,,,Not Available,,N/A,
639,295,0000-9999,,,Not Available,,N/A,
639,296,0000-9999,,,Not Available,,N/A,
639,297,0000-9999,,,Not Available,,N/A,
639,298,0000-9999,,,Not Available,,N/A,
639,299,0000-9999,,,Not Available,,N/A,
639,300,0000-9999,SaskTel Mobility,9868,In Service,Prince Albert,Nov 21 2016 ,
639,301,0000-9999,,,Not Available,,N/A,
639,302,0000-9999,,,Not Available,,N/A,
639,303,0000-9999,,,Not Available,,N/A,
639,304,0000-9999,,,Not Available,,N/A,
639,305,0000-9999,,,Not Available,,N/A,
639,306,0000-9999,,,Not Available,,N/A,
639,307,0000-9999,,,Not Available,,N/A,
639,308,0000-9999,,,Not Available,,N/A,
639,309,0000-9999,,,Not Available,,N/A,
639,310,0000-9999,,,Not Available,,N/A,
639,311,0000-9999,,,Not Available,,N/A,
639,312,0000-9999,TELUS Mobility,8303,In Service,Wollaston Lake,Jul 16 2015 ,
639,313,0000-9999,TELUS Mobility,8303,In Service,Macklin,Jul 14 2015 ,
639,314,0000-9999,TELUS Mobility,8303,In Service,Prince Albert,Dec 19 2013 ,
639,315,0000-9999,TELUS Mobility,8303,In Service,Pinehouse,Jul 16 2015 ,
639,316,0000-9999,Bell Mobility,6574,In Service,Regina,Jun 16 2014 ,
639,317,0000-9999,Bell Mobility,6574,In Service,Saskatoon,Jun 16 2014 ,
639,318,0000-9999,Bell Mobility,6574,In Service,Saskatoon,Jan 31 2018 ,
639,319,0000-9999,,,Available,,N/A,
639,320,0000-9999,,,Available,,N/A,
639,321,0000-9999,,,Available,,N/A,
639,322,0000-9999,,,Available,,N/A,
639,323,0000-9999,Bell Mobility,6574,In Service,Cabri,Aug  2 2017 ,
639,324,0000-9999,Bell Mobility,6574,In Service,Central Butte,Aug  2 2017 ,
639,325,0000-9999,,,Available,,N/A,
639,326,0000-9999,,,Available,,N/A,
639,327,0000-9999,,,Available,,N/A,
639,328,0000-9999,SaskTel Mobility,9868,In Service,Kelvington,Nov  1 2014 ,
639,329,0000-9999,Bell Mobility,6574,Assigned,Avonlea,Jun 15 2018 ,
639,330,0000-9999,Bell Mobility,6574,In Service,Hanley,May  2 2016 ,
639,331,0000-9999,Bell Mobility,6574,In Service,Lucky Lake,May  2 2016 ,
639,332,0000-9999,Bell Mobility,6574,In Service,Radisson,May  2 2016 ,
639,333,0000-9999,Bell Mobility,6574,In Service,Beechy,May  2 2016 ,
639,334,0000-9999,Bell Mobility,6574,In Service,Blaine Lake,May  2 2016 ,
639,335,0000-9999,Bell Mobility,6574,In Service,Dundurn,May  2 2016 ,
639,336,0000-9999,Bell Mobility,6574,In Service,Perdue,May  2 2016 ,
639,337,0000-9999,Bell Mobility,6574,In Service,Prudhomme,May  2 2016 ,
639,338,0000-9999,Bell Mobility,6574,In Service,Bruno,May  2 2016 ,
639,339,0000-9999,Bell Mobility,6574,In Service,Colonsay,May  2 2016 ,
639,340,0000-9999,Bell Mobility,6574,In Service,Delisle,May  2 2016 ,
639,341,0000-9999,,,Available,,N/A,
639,342,0000-9999,,,Available,,N/A,
639,343,0000-9999,SaskTel Mobility,9868,In Service,Paradise Hill,Oct 29 2014 ,
639,344,0000-9999,TELUS Mobility,8303,In Service,Prince Albert,Oct 19 2017 ,
639,345,0000-9999,TELUS Mobility,8303,In Service,Wynyard,Jan 19 2018 ,
639,346,0000-9999,,,Available,,N/A,
639,347,0000-9999,,,Available,,N/A,
639,348,0000-9999,,,Available,,N/A,
639,349,0000-9999,,,Available,,N/A,
639,350,0000-9999,,,Available,,N/A,
639,351,0000-9999,,,Available,,N/A,
639,352,0000-9999,,,Available,,N/A,
639,353,0000-9999,,,Available,,N/A,
639,354,0000-9999,,,Available,,N/A,
639,355,0000-9999,SaskTel Mobility,9868,In Service,Mossbank,Sep 22 2014 ,
639,356,0000-9999,,,Available,,N/A,
639,357,0000-9999,,,Available,,N/A,
639,358,0000-9999,,,Available,,N/A,
639,359,0000-9999,,,Available,,N/A,
639,360,0000-9999,,,Available,,N/A,
639,361,0000-9999,Bell Mobility,6574,In Service,Assiniboia,Mar  9 2016 ,
639,362,0000-9999,Bell Mobility,6574,In Service,Davidson,Mar  9 2016 ,
639,363,0000-9999,Bell Mobility,6574,In Service,Grenfell,Mar  9 2016 ,
639,364,0000-9999,Bell Mobility,6574,In Service,Indian Head,Mar  9 2016 ,
639,365,0000-9999,Bell Mobility,6574,In Service,Moosomin,Mar  9 2016 ,
639,366,0000-9999,Bell Mobility,6574,In Service,Southey,Mar  9 2016 ,
639,367,0000-9999,Bell Mobility,6574,In Service,Whitewood,Mar  9 2016 ,
639,368,0000-9999,Bell Mobility,6574,In Service,Kipling,Mar  9 2016 ,
639,369,0000-9999,,,Available,,N/A,
639,370,0000-9999,,,Available,,N/A,
639,371,0000-9999,,,Available,,N/A,
639,372,0000-9999,,,Available,,N/A,
639,373,0000-9999,,,Available,,N/A,
639,374,0000-9999,,,Available,,N/A,
639,375,0000-9999,,,Available,,N/A,
639,376,0000-9999,,,Available,,N/A,
639,377,0000-9999,,,Available,,N/A,
639,378,0000-9999,,,Available,,N/A,
639,379,0000-9999,SaskTel Mobility,9868,In Service,Elrose,Sep 30 2014 ,
639,380,0000-9999,,,Available,,N/A,
639,381,0000-9999,,,Not Available,,N/A,
639,382,0000-9999,Bell Mobility,6574,Assigned,Regina,Oct 25 2018 ,
639,383,0000-9999,,,Not Available,,N/A,
639,384,0000-9999,,,Not Available,,N/A,
639,385,0000-9999,,,Not Available,,N/A,
639,386,0000-9999,,,Available,,N/A,
639,387,0000-9999,,,Available,,N/A,
639,388,0000-9999,,,Available,,N/A,
639,389,0000-9999,,,Available,,N/A,
639,390,0000-9999,Bell Mobility,6574,In Service,Yellow Creek,Jul 24 2017 ,
639,391,0000-9999,,,Available,,N/A,
639,392,0000-9999,,,Available,,N/A,
639,393,0000-9999,,,Available,,N/A,
639,394,0000-9999,,,Available,,N/A,
639,395,0000-9999,,,Available,,N/A,
639,396,0000-9999,,,Available,,N/A,
639,397,0000-9999,,,Available,,N/A,
639,398,0000-9999,,,Available,,N/A,
639,399,0000-9999,,,Available,,N/A,
639,400,0000-0999,Bell Mobility,6574,In Service,North Battleford,Nov 21 2016 ,
639,400,1000-1999,Bell Mobility,6574,In Service,North Battleford,Nov 21 2016 ,
639,400,2000-2999,SaskTel Mobility,9868,In Service,North Battleford,Nov 21 2016 ,
639,400,3000-3999,SaskTel Mobility,9868,In Service,North Battleford,Nov 21 2016 ,
639,400,4000-4999,SaskTel Mobility,9868,In Service,North Battleford,Nov 21 2016 ,
639,400,5000-5999,SaskTel Mobility,9868,In Service,North Battleford,Nov 21 2016 ,
639,400,6000-6999,SaskTel Mobility,9868,In Service,North Battleford,Nov 21 2016 ,
639,400,7000-7999,SaskTel Mobility,9868,In Service,North Battleford,Nov 21 2016 ,
639,400,8000-8999,SaskTel Mobility,9868,In Service,North Battleford,Nov 21 2016 ,
639,400,9000-9999,SaskTel Mobility,9868,In Service,North Battleford,Nov 21 2016 ,
639,401,0000-9999,SaskTel Mobility,9868,In Service,Alvena,May 23 2017 ,
639,402,0000-9999,SaskTel Mobility,9868,In Service,Balcarres,May 23 2017 ,
639,403,0000-9999,,,Not Available,,N/A,
639,404,0000-9999,SaskTel Mobility,9868,In Service,Cudworth,May 23 2017 ,
639,405,0000-9999,SaskTel Mobility,9868,In Service,Cupar,May 23 2017 ,
639,406,0000-9999,SaskTel Mobility,9868,In Service,Edam,May 23 2017 ,
639,407,0000-9999,SaskTel Mobility,9868,In Service,Francis,May 23 2017 ,
639,408,0000-9999,SaskTel Mobility,9868,In Service,Hague,May 23 2017 ,
639,409,0000-9999,SaskTel Mobility,9868,In Service,Holdfast,May 23 2017 ,
639,410,0000-9999,SaskTel Mobility,9868,In Service,Meacham,May 23 2017 ,
639,411,0000-9999,,,Not Available,,N/A,
639,412,0000-9999,SaskTel Mobility,9868,In Service,North Portal,May 23 2017 ,
639,413,0000-9999,SaskTel Mobility,9868,In Service,Odessa,May 23 2017 ,
639,414,0000-9999,SaskTel Mobility,9868,In Service,Theodore,May 23 2017 ,
639,415,0000-9999,SaskTel Mobility,9868,In Service,Wawota,May 23 2017 ,
639,416,0000-9999,SaskTel Mobility,9868,In Service,Yellow Grass,May 23 2017 ,
639,417,0000-9999,,,Not Available,,N/A,
639,418,0000-9999,,,Not Available,,N/A,
639,419,0000-9999,,,Not Available,,N/A,
639,420,0000-9999,,,Not Available,,N/A,
639,421,0000-9999,Bell Mobility,6574,In Service,Wakaw,Mar  9 2016 ,
639,422,0000-9999,Bell Mobility,6574,In Service,Watrous,Mar  9 2016 ,
639,423,0000-9999,Bell Mobility,6574,In Service,Biggar,Mar  9 2016 ,
639,424,0000-9999,Bell Mobility,6574,In Service,Lanigan,Mar  9 2016 ,
639,425,0000-9999,Bell Mobility,6574,In Service,Outlook,Mar  9 2016 ,
639,426,0000-9999,Bell Mobility,6574,In Service,Rosthern,Mar  9 2016 ,
639,427,0000-9999,,,Not Available,,N/A,
639,428,0000-9999,,,Not Available,,N/A,
639,429,0000-9999,,,Not Available,,N/A,
639,430,0000-9999,,,Not Available,,N/A,
639,431,0000-9999,,,Not Available,,N/A,
639,432,0000-9999,,,Not Available,,N/A,
639,433,0000-9999,,,Not Available,,N/A,
639,434,0000-9999,,,Not Available,,N/A,
639,435,0000-9999,,,Not Available,,N/A,
639,436,0000-9999,,,Not Available,,N/A,
639,437,0000-9999,,,Not Available,,N/A,
639,438,0000-9999,,,Not Available,,N/A,
639,439,0000-9999,,,Not Available,,N/A,
639,440,0000-9999,SaskTel Mobility,9868,In Service,Milestone,Aug 13 2014 ,
639,441,0000-9999,,,Not Available,,N/A,
639,442,0000-9999,,,Not Available,,N/A,
639,443,0000-9999,,,Not Available,,N/A,
639,444,0000-9999,,,Available,,N/A,
639,445,0000-9999,,,Not Available,,N/A,
639,446,0000-9999,,,Not Available,,N/A,
639,447,0000-9999,,,Not Available,,N/A,
639,448,0000-9999,,,Not Available,,N/A,
639,449,0000-9999,,,Not Available,,N/A,
639,450,0000-0999,Bell Mobility,6574,In Service,Estevan,Jan  8 2015 ,
639,450,1000-1999,Bell Mobility,6574,In Service,Estevan,Jan  8 2015 ,
639,450,2000-2999,Bell Mobility,6574,In Service,Estevan,Jan  8 2015 ,
639,450,3000-3999,Bell Mobility,6574,In Service,Estevan,Jan  8 2015 ,
639,450,4000-4999,Bell Mobility,6574,In Service,Estevan,Jan  8 2015 ,
639,450,5000-5999,SaskTel Mobility,9868,In Service,Estevan,Jan  8 2015 ,
639,450,6000-6999,SaskTel Mobility,9868,In Service,Estevan,Jan  8 2015 ,
639,450,7000-7999,SaskTel Mobility,9868,In Service,Estevan,Jan  8 2015 ,
639,450,8000-8999,SaskTel Mobility,9868,In Service,Estevan,Jan  8 2015 ,
639,450,9000-9999,SaskTel Mobility,9868,In Service,Estevan,Jan  8 2015 ,
639,451,0000-9999,,,Not Available,,N/A,
639,452,0000-9999,,,Not Available,,N/A,
639,453,0000-9999,,,Not Available,,N/A,
639,454,0000-9999,,,Not Available,,N/A,
639,455,0000-9999,SaskTel Mobility,9868,In Service,Stoughton,Mar 16 2017 ,
639,456,0000-9999,,,Not Available,,N/A,
639,457,0000-9999,SaskTel Mobility,9868,In Service,Tribune,Sep 25 2014 ,
639,458,0000-9999,,,Not Available,,N/A,
639,459,0000-9999,,,Not Available,,N/A,
639,460,0000-9999,SaskTel Mobility,9868,In Service,Midale,Aug 13 2014 ,
639,461,0000-9999,,,Not Available,,N/A,
639,462,0000-9999,,,Not Available,,N/A,
639,463,0000-9999,,,Not Available,,N/A,
639,464,0000-9999,,,Not Available,,N/A,
639,465,0000-9999,,,Not Available,,N/A,
639,466,0000-9999,,,Not Available,,N/A,
639,467,0000-9999,,,Not Available,,N/A,
639,468,0000-9999,,,Not Available,,N/A,
639,469,0000-9999,,,Not Available,,N/A,
639,470,0000-0999,Bell Mobility,6574,In Service,Saskatoon,Jun  3 2015 ,
639,470,1000-1999,Bell Mobility,6574,In Service,Saskatoon,Jun  3 2015 ,
639,470,2000-2999,Bell Mobility,6574,In Service,Saskatoon,Jun  3 2015 ,
639,470,3000-3999,Bell Mobility,6574,In Service,Saskatoon,Jun  3 2015 ,
639,470,4000-4999,Bell Mobility,6574,In Service,Saskatoon,Jun  3 2015 ,
639,470,5000-5999,Bell Mobility,6574,In Service,Saskatoon,Jun  3 2015 ,
639,470,6000-6999,SaskTel Mobility,9868,In Service,Saskatoon,Jun  3 2015 ,
639,470,7000-7999,SaskTel Mobility,9868,In Service,Saskatoon,Jun  3 2015 ,
639,470,8000-8999,SaskTel Mobility,9868,In Service,Saskatoon,Jun  3 2015 ,
639,470,9000-9999,SaskTel Mobility,9868,In Service,Saskatoon,Jun  3 2015 ,
639,471,0000-0999,Bell Mobility,6574,In Service,Saskatoon,Apr  2 2013 ,
639,471,1000-1999,Bell Mobility,6574,In Service,Saskatoon,Apr  2 2013 ,
639,471,2000-2999,Bell Mobility,6574,In Service,Saskatoon,Apr  2 2013 ,
639,471,3000-3999,Bell Mobility,6574,In Service,Saskatoon,Apr  2 2013 ,
639,471,4000-4999,Bell Mobility,6574,In Service,Saskatoon,Apr  2 2013 ,
639,471,5000-5999,SaskTel Mobility,9868,In Service,Saskatoon,Apr  2 2013 ,
639,471,6000-6999,SaskTel Mobility,9868,In Service,Saskatoon,Apr  2 2013 ,
639,471,7000-7999,SaskTel Mobility,9868,In Service,Saskatoon,Apr  2 2013 ,
639,471,8000-8999,SaskTel Mobility,9868,In Service,Saskatoon,Apr  2 2013 ,
639,471,9000-9999,SaskTel Mobility,9868,In Service,Saskatoon,Apr  2 2013 ,
639,472,0000-9999,,,Not Available,,N/A,
639,473,0000-9999,,,Not Available,,N/A,
639,474,0000-9999,,,Not Available,,N/A,
639,475,0000-9999,,,Not Available,,N/A,
639,476,0000-9999,,,Not Available,,N/A,
639,477,0000-9999,,,Not Available,,N/A,
639,478,0000-9999,,,Not Available,,N/A,
639,479,0000-9999,,,Not Available,,N/A,
639,480,0000-0999,Bell Mobility,6574,In Service,Saskatoon,Jun 11 2014 ,
639,480,1000-1999,Bell Mobility,6574,In Service,Saskatoon,Jun 11 2014 ,
639,480,2000-2999,Bell Mobility,6574,In Service,Saskatoon,Jun 11 2014 ,
639,480,3000-3999,Bell Mobility,6574,In Service,Saskatoon,Jun 11 2014 ,
639,480,4000-4999,Bell Mobility,6574,In Service,Saskatoon,Jun 11 2014 ,
639,480,5000-5999,SaskTel Mobility,9868,In Service,Saskatoon,Jun 11 2014 ,
639,480,6000-6999,SaskTel Mobility,9868,In Service,Saskatoon,Jun 11 2014 ,
639,480,7000-7999,SaskTel Mobility,9868,In Service,Saskatoon,Jun 11 2014 ,
639,480,8000-8999,SaskTel Mobility,9868,In Service,Saskatoon,Jun 11 2014 ,
639,480,9000-9999,SaskTel Mobility,9868,In Service,Saskatoon,Jun 11 2014 ,
639,481,0000-9999,,,Not Available,,N/A,
639,482,0000-9999,,,Not Available,,N/A,
639,483,0000-9999,,,Not Available,,N/A,
639,484,0000-9999,,,Not Available,,N/A,
639,485,0000-9999,,,Not Available,,N/A,
639,486,0000-9999,,,Not Available,,N/A,
639,487,0000-9999,,,Not Available,,N/A,
639,488,0000-9999,SaskTel Mobility,9868,In Service,Lampman,Nov 11 2014 ,
639,489,0000-9999,,,Available,,N/A,
639,490,0000-9999,,,Available,,N/A,
639,491,0000-9999,,,Available,,N/A,
639,492,0000-9999,,,Available,,N/A,
639,493,0000-9999,,,Available,,N/A,
639,494,0000-9999,,,Available,,N/A,
639,495,0000-9999,,,Available,,N/A,
639,496,0000-9999,,,Available,,N/A,
639,497,0000-9999,,,Available,,N/A,
639,498,0000-9999,,,Available,,N/A,
639,499,0000-9999,,,Available,,N/A,
639,500,0000-9999,,,Available,,N/A,
639,501,0000-9999,,,Available,,N/A,
639,502,0000-9999,,,Available,,N/A,
639,503,0000-9999,,,Available,,N/A,
639,504,0000-9999,,,Available,,N/A,
639,505,0000-9999,,,Available,,N/A,
639,506,0000-9999,,,Available,,N/A,
639,507,0000-9999,,,Available,,N/A,
639,508,0000-9999,,,Available,,N/A,
639,509,0000-9999,,,Available,,N/A,
639,510,0000-9999,,,Available,,N/A,
639,511,0000-9999,,,Not Available,,N/A,
639,512,0000-9999,,,Available,,N/A,
639,513,0000-9999,,,Available,,N/A,
639,514,0000-9999,,,Available,,N/A,
639,515,0000-9999,,,Available,,N/A,
639,516,0000-9999,,,Available,,N/A,
639,517,0000-9999,,,Available,,N/A,
639,518,0000-9999,,,Available,,N/A,
639,519,0000-9999,,,Available,,N/A,
639,520,0000-9999,,,Available,,N/A,
639,521,0000-9999,,,Available,,N/A,
639,522,0000-9999,,,Available,,N/A,
639,523,0000-9999,,,Available,,N/A,
639,524,0000-9999,,,Not Available,,N/A,
639,525,0000-9999,,,Not Available,,N/A,
639,526,0000-9999,,,Not Available,,N/A,
639,527,0000-9999,,,Not Available,,N/A,
639,528,0000-9999,,,Available,,N/A,
639,529,0000-9999,,,Not Available,,N/A,
639,530,0000-9999,,,Not Available,,N/A,
639,531,0000-9999,,,Not Available,,N/A,
639,532,0000-9999,,,Not Available,,N/A,
639,533,0000-9999,Bell Mobility,6574,In Service,Prince Albert,Mar  8 2016 ,
639,534,0000-9999,Bell Mobility,6574,In Service,Estevan,Mar  8 2016 ,
639,535,0000-9999,Bell Mobility,6574,In Service,Humboldt,Mar  8 2016 ,
639,536,0000-9999,Bell Mobility,6574,In Service,Lloydminster,Mar  8 2016 ,
639,537,0000-9999,Bell Mobility,6574,In Service,Meadow Lake,Mar  8 2016 ,
639,538,0000-9999,Bell Mobility,6574,In Service,Moose Jaw,Mar  8 2016 ,
639,539,0000-9999,Bell Mobility,6574,In Service,Kindersley,Mar  8 2016 ,
639,540,0000-9999,Bell Mobility,6574,In Service,Yorkton,Mar  8 2016 ,
639,541,0000-9999,Bell Mobility,6574,In Service,Swift Current,Mar  8 2016 ,
639,542,0000-9999,,,Not Available,,N/A,
639,543,0000-9999,,,Not Available,,N/A,
639,544,0000-9999,,,Not Available,,N/A,
639,545,0000-9999,,,Not Available,,N/A,
639,546,0000-9999,,,Not Available,,N/A,
639,547,0000-9999,,,Not Available,,N/A,
639,548,0000-9999,SaskTel Mobility,9868,In Service,Hafford,Oct 29 2014 ,
639,549,0000-9999,,,Not Available,,N/A,
639,550,0000-9999,,,Not Available,,N/A,
639,551,0000-9999,,,Not Available,,N/A,
639,552,0000-9999,,,Not Available,,N/A,
639,553,0000-9999,,,Not Available,,N/A,
639,554,0000-9999,,,Not Available,,N/A,
639,555,0000-9999,,,Not Available,,N/A,
639,556,0000-9999,,,Not Available,,N/A,
639,557,0000-9999,,,Not Available,,N/A,
639,558,0000-9999,,,Not Available,,N/A,
639,559,0000-9999,,,Not Available,,N/A,
639,560,0000-0999,Bell Mobility,6574,In Service,Regina,Jun  3 2015 ,
639,560,1000-1999,SaskTel Mobility,9868,In Service,Regina,Jun  3 2015 ,
639,560,2000-2999,Bell Mobility,6574,In Service,Regina,Jun  3 2015 ,
639,560,3000-3999,Bell Mobility,6574,In Service,Regina,Jun  3 2015 ,
639,560,4000-4999,Bell Mobility,6574,In Service,Regina,Jun  3 2015 ,
639,560,5000-5999,Bell Mobility,6574,In Service,Regina,Jun  3 2015 ,
639,560,6000-6999,Bell Mobility,6574,In Service,Regina,Jun  3 2015 ,
639,560,7000-7999,SaskTel Mobility,9868,In Service,Regina,Jun  3 2015 ,
639,560,8000-8999,SaskTel Mobility,9868,In Service,Regina,Jun  3 2015 ,
639,560,9000-9999,SaskTel Mobility,9868,In Service,Regina,Jun  3 2015 ,
639,561,0000-9999,,,Not Available,,N/A,
639,562,0000-9999,,,Not Available,,N/A,
639,563,0000-9999,,,Not Available,,N/A,
639,564,0000-9999,,,Not Available,,N/A,
639,565,0000-9999,,,Not Available,,N/A,
639,566,0000-9999,,,Not Available,,N/A,
639,567,0000-9999,,,Not Available,,N/A,
639,568,0000-9999,,,Not Available,,N/A,
639,569,0000-9999,,,Not Available,,N/A,
639,570,0000-9999,,,Not Available,,N/A,
639,571,0000-0999,Bell Mobility,6574,In Service,Regina,Mar 25 2013 ,
639,571,1000-1999,Bell Mobility,6574,In Service,Regina,Mar 25 2013 ,
639,571,2000-2999,Bell Mobility,6574,In Service,Regina,Mar 25 2013 ,
639,571,3000-3999,Bell Mobility,6574,In Service,Regina,Mar 25 2013 ,
639,571,4000-4999,Bell Mobility,6574,In Service,Regina,Mar 25 2013 ,
639,571,5000-5999,SaskTel Mobility,9868,In Service,Regina,Mar 25 2013 ,
639,571,6000-6999,SaskTel Mobility,9868,In Service,Regina,Mar 25 2013 ,
639,571,7000-7999,SaskTel Mobility,9868,In Service,Regina,Mar 25 2013 ,
639,571,8000-8999,SaskTel Mobility,9868,In Service,Regina,Mar 25 2013 ,
639,571,9000-9999,SaskTel Mobility,9868,In Service,Regina,Mar 25 2013 ,
639,572,0000-9999,,,Not Available,,N/A,
639,573,0000-9999,Bell Mobility,6574,In Service,Gull Lake,Jun  7 2017 ,
639,574,0000-9999,Bell Mobility,6574,In Service,Maple Creek,Jun  7 2017 ,
639,575,0000-9999,Bell Mobility,6574,In Service,Oxbow,Jun  7 2017 ,
639,576,0000-9999,Bell Mobility,6574,In Service,Weyburn,Jun  7 2017 ,
639,577,0000-9999,Bell Mobility,6574,In Service,Shaunavon,Jun  7 2017 ,
639,578,0000-9999,Bell Mobility,6574,In Service,Carlyle,Jun  7 2017 ,
639,579,0000-9999,Bell Mobility,6574,In Service,Carnduff,Jun  7 2017 ,
639,580,0000-9999,,,Available,,N/A,
639,581,0000-9999,,,Available,,N/A,
639,582,0000-9999,,,Available,,N/A,
639,583,0000-9999,,,Available,,N/A,
639,584,0000-9999,,,Available,,N/A,
639,585,0000-9999,,,Available,,N/A,
639,586,0000-9999,,,Available,,N/A,
639,587,0000-9999,,,Available,,N/A,
639,588,0000-9999,,,Available,,N/A,
639,589,0000-9999,,,Available,,N/A,
639,590,0000-0999,Bell Mobility,6574,In Service,Regina,Jun 11 2014 ,
639,590,1000-1999,Bell Mobility,6574,In Service,Regina,Jun 11 2014 ,
639,590,2000-2999,Bell Mobility,6574,In Service,Regina,Jun 11 2014 ,
639,590,3000-3999,Bell Mobility,6574,In Service,Regina,Jun 11 2014 ,
639,590,4000-4999,Bell Mobility,6574,In Service,Regina,Jun 11 2014 ,
639,590,5000-5999,SaskTel Mobility,9868,In Service,Regina,Jun 11 2014 ,
639,590,6000-6999,SaskTel Mobility,9868,In Service,Regina,Jun 11 2014 ,
639,590,7000-7999,SaskTel Mobility,9868,In Service,Regina,Jun 11 2014 ,
639,590,8000-8999,SaskTel Mobility,9868,In Service,Regina,Jun 11 2014 ,
639,590,9000-9999,SaskTel Mobility,9868,In Service,Regina,Jun 11 2014 ,
639,591,0000-9999,,,Available,,N/A,
639,592,0000-9999,,,Available,,N/A,
639,593,0000-9999,,,Not Available,,N/A,
639,594,0000-9999,,,Not Available,,N/A,
639,595,0000-9999,,,Not Available,,N/A,
639,596,0000-9999,,,Not Available,,N/A,
639,597,0000-9999,,,Not Available,,N/A,
639,598,0000-9999,,,Not Available,,N/A,
639,599,0000-9999,,,Not Available,,N/A,
639,600,0000-9999,,,Available,,N/A,
639,601,0000-9999,,,Available,,N/A,
639,602,0000-9999,,,Available,,N/A,
639,603,0000-9999,,,Available,,N/A,
639,604,0000-9999,,,Available,,N/A,
639,605,0000-9999,,,Available,,N/A,
639,606,0000-9999,,,Available,,N/A,
639,607,0000-9999,,,Available,,N/A,
639,608,0000-9999,,,Available,,N/A,
639,609,0000-9999,,,Available,,N/A,
639,610,0000-9999,,,Not Available,,N/A,
639,611,0000-9999,,,Not Available,,N/A,
639,612,0000-9999,,,Available,,N/A,
639,613,0000-9999,,,Available,,N/A,
639,614,0000-9999,,,Available,,N/A,
639,615,0000-9999,,,Available,,N/A,
639,616,0000-9999,,,Available,,N/A,
639,617,0000-9999,,,Available,,N/A,
639,618,0000-9999,,,Available,,N/A,
639,619,0000-9999,,,Available,,N/A,
639,620,0000-9999,,,Available,,N/A,
639,621,0000-9999,,,Available,,N/A,
639,622,0000-9999,,,Available,,N/A,
639,623,0000-9999,,,Available,,N/A,
639,624,0000-9999,,,Available,,N/A,
639,625,0000-9999,,,Available,,N/A,
639,626,0000-9999,,,Available,,N/A,
639,627,0000-9999,,,Available,,N/A,
639,628,0000-9999,,,Available,,N/A,
639,629,0000-9999,,,Available,,N/A,
639,630,0000-9999,,,Available,,N/A,
639,631,0000-9999,,,Available,,N/A,
639,632,0000-9999,,,Available,,N/A,
639,633,0000-9999,,,Available,,N/A,
639,634,0000-9999,,,Available,,N/A,
639,635,0000-9999,,,Available,,N/A,
639,636,0000-9999,,,Not Available,,N/A,
639,637,0000-9999,,,Available,,N/A,
639,638,0000-9999,,,Available,,N/A,
639,639,0000-9999,,,Not Available,,N/A,
639,640,0000-9999,,,Available,,N/A,
639,641,0000-9999,,,Available,,N/A,
639,642,0000-9999,,,Available,,N/A,
639,643,0000-9999,,,Available,,N/A,
639,644,0000-9999,,,Available,,N/A,
639,645,0000-9999,,,Available,,N/A,
639,646,0000-9999,,,Available,,N/A,
639,647,0000-9999,,,Available,,N/A,
639,648,0000-9999,,,Available,,N/A,
639,649,0000-9999,,,Available,,N/A,
639,650,0000-9999,,,Not Available,,N/A,
639,651,0000-9999,,,Not Available,,N/A,
639,652,0000-9999,,,Not Available,,N/A,
639,653,0000-9999,SaskTel Mobility,9868,In Service,Prudhomme,Oct 29 2014 ,
639,654,0000-9999,,,Available,,N/A,
639,655,0000-9999,,,Available,,N/A,
639,656,0000-9999,,,Available,,N/A,
639,657,0000-9999,,,Available,,N/A,
639,658,0000-9999,,,Available,,N/A,
639,659,0000-9999,,,Available,,N/A,
639,660,0000-9999,,,Available,,N/A,
639,661,0000-9999,,,Available,,N/A,
639,662,0000-9999,,,Available,,N/A,
639,663,0000-9999,,,Available,,N/A,
639,664,0000-9999,,,Available,,N/A,
639,665,0000-9999,,,Available,,N/A,
639,666,0000-9999,,,Not Available,,N/A,
639,667,0000-9999,,,Available,,N/A,
639,668,0000-9999,,,Available,,N/A,
639,669,0000-9999,,,Available,,N/A,
639,670,0000-9999,Bell Mobility,6574,In Service,Raymore,May  1 2018 ,
639,671,0000-9999,,,Available,,N/A,
639,672,0000-9999,,,Available,,N/A,
639,673,0000-9999,,,Available,,N/A,
639,674,0000-9999,,,Available,,N/A,
639,675,0000-9999,,,Available,,N/A,
639,676,0000-9999,,,Available,,N/A,
639,677,0000-9999,,,Available,,N/A,
639,678,0000-9999,,,Available,,N/A,
639,679,0000-9999,,,Available,,N/A,
639,680,0000-9999,,,Available,,N/A,
639,681,0000-9999,,,Available,,N/A,
639,682,0000-9999,,,Available,,N/A,
639,683,0000-9999,,,Available,,N/A,
639,684,0000-9999,,,Available,,N/A,
639,685,0000-9999,,,Available,,N/A,
639,686,0000-9999,,,Available,,N/A,
639,687,0000-9999,,,Available,,N/A,
639,688,0000-9999,,,Available,,N/A,
639,689,0000-9999,,,Available,,N/A,
639,690,0000-9999,,,Available,,N/A,
639,691,0000-9999,,,Available,,N/A,
639,692,0000-9999,,,Available,,N/A,
639,693,0000-9999,,,Available,,N/A,
639,694,0000-9999,,,Available,,N/A,
639,695,0000-9999,,,Available,,N/A,
639,696,0000-9999,,,Not Available,,N/A,
639,697,0000-9999,,,Not Available,,N/A,
639,698,0000-9999,,,Not Available,,N/A,
639,699,0000-9999,SaskTel Mobility,9868,Assigned,Creighton,Sep  7 2018 ,
639,700,0000-9999,,,Not Available,,N/A,
639,701,0000-9999,,,Not Available,,N/A,
639,702,0000-9999,,,Not Available,,N/A,
639,703,0000-9999,,,Not Available,,N/A,
639,704,0000-9999,,,Not Available,,N/A,
639,705,0000-9999,,,Not Available,,N/A,
639,706,0000-9999,,,Not Available,,N/A,
639,707,0000-9999,,,Not Available,,N/A,
639,708,0000-9999,,,Not Available,,N/A,
639,709,0000-9999,,,Not Available,,N/A,
639,710,0000-9999,,,Not Available,,N/A,
639,711,0000-9999,,,Not Available,,N/A,
639,712,0000-9999,,,Available,,N/A,
639,713,0000-9999,,,Available,,N/A,
639,714,0000-9999,,,Available,,N/A,
639,715,0000-9999,,,Available,,N/A,
639,716,0000-9999,,,Available,,N/A,
639,717,0000-9999,,,Available,,N/A,
639,718,0000-9999,,,Available,,N/A,
639,719,0000-9999,,,Available,,N/A,
639,720,0000-9999,,,Available,,N/A,
639,721,0000-9999,,,Available,,N/A,
639,722,0000-9999,,,Available,,N/A,
639,723,0000-9999,,,Available,,N/A,
639,724,0000-9999,,,Available,,N/A,
639,725,0000-9999,,,Available,,N/A,
639,726,0000-9999,,,Available,,N/A,
639,727,0000-9999,,,Available,,N/A,
639,728,0000-9999,,,Available,,N/A,
639,729,0000-9999,SaskTel Mobility,9868,In Service,Fillmore,May 27 2015 ,
639,730,0000-9999,,,Available,,N/A,
639,731,0000-9999,,,Available,,N/A,
639,732,0000-9999,,,Available,,N/A,
639,733,0000-9999,,,Available,,N/A,
639,734,0000-9999,,,Available,,N/A,
639,735,0000-9999,,,Available,,N/A,
639,736,0000-9999,,,Available,,N/A,
639,737,0000-9999,,,Available,,N/A,
639,738,0000-9999,,,Available,,N/A,
639,739,0000-9999,,,Available,,N/A,
639,740,0000-9999,,,Available,,N/A,
639,741,0000-9999,Bell Mobility,6574,In Service,Big River,Mar 10 2016 ,
639,742,0000-9999,Bell Mobility,6574,In Service,Melfort,Mar 10 2016 ,
639,743,0000-9999,Bell Mobility,6574,In Service,La Ronge,Mar 10 2016 ,
639,744,0000-9999,Bell Mobility,6574,In Service,Carrot River,Mar 10 2016 ,
639,745,0000-9999,Bell Mobility,6574,In Service,Hudson Bay,Mar 10 2016 ,
639,746,0000-9999,Bell Mobility,6574,In Service,Nipawin,Mar 10 2016 ,
639,747,0000-9999,Bell Mobility,6574,In Service,Shellbrook,Mar 10 2016 ,
639,748,0000-9999,Bell Mobility,6574,In Service,Spiritwood,Mar 10 2016 ,
639,749,0000-9999,Bell Mobility,6574,In Service,Tisdale,Mar 10 2016 ,
639,750,0000-9999,,,Available,,N/A,
639,751,0000-9999,,,Available,,N/A,
639,752,0000-9999,,,Available,,N/A,
639,753,0000-9999,,,Available,,N/A,
639,754,0000-9999,,,Available,,N/A,
639,755,0000-9999,,,Available,,N/A,
639,756,0000-9999,,,Available,,N/A,
639,757,0000-9999,,,Available,,N/A,
639,758,0000-9999,,,Available,,N/A,
639,759,0000-9999,,,Available,,N/A,
639,760,0000-0999,Bell Mobility,6574,In Service,Prince Albert,Feb 19 2015 ,
639,760,1000-1999,Bell Mobility,6574,In Service,Prince Albert,Feb 19 2015 ,
639,760,2000-2999,Bell Mobility,6574,In Service,Prince Albert,Feb 19 2015 ,
639,760,3000-3999,Bell Mobility,6574,In Service,Prince Albert,Feb 19 2015 ,
639,760,4000-4999,Bell Mobility,6574,In Service,Prince Albert,Feb 19 2015 ,
639,760,5000-5999,Bell Mobility,6574,In Service,Prince Albert,Feb 19 2015 ,
639,760,6000-6999,Bell Mobility,6574,In Service,Prince Albert,Feb 19 2015 ,
639,760,7000-7999,Bell Mobility,6574,In Service,Prince Albert,Feb 19 2015 ,
639,760,8000-8999,SaskTel Mobility,9868,In Service,Prince Albert,Feb 19 2015 ,
639,760,9000-9999,SaskTel Mobility,9868,In Service,Prince Albert,Feb 19 2015 ,
639,761,0000-9999,,,Available,,N/A,
639,762,0000-9999,,,Available,,N/A,
639,763,0000-9999,,,Not Available,,N/A,
639,764,0000-9999,,,Not Available,,N/A,
639,765,0000-9999,Bell Mobility,6574,In Service,Bethune,May  9 2016 ,
639,766,0000-9999,Bell Mobility,6574,In Service,Broadview,May  9 2016 ,
639,767,0000-9999,Bell Mobility,6574,In Service,Craik,May  9 2016 ,
639,768,0000-9999,Bell Mobility,6574,In Service,Fort Qu'Appelle,May  9 2016 ,
639,769,0000-9999,Bell Mobility,6574,In Service,Lemberg,May  9 2016 ,
639,770,0000-9999,Bell Mobility,6574,In Service,Montmartre,May  9 2016 ,
639,771,0000-9999,Bell Mobility,6574,In Service,Nokomis,May  9 2016 ,
639,772,0000-9999,Bell Mobility,6574,In Service,Punnichy,May  9 2016 ,
639,773,0000-9999,Bell Mobility,6574,In Service,Qu'Appelle,May  9 2016 ,
639,774,0000-9999,Bell Mobility,6574,In Service,Lumsden,May  9 2016 ,
639,775,0000-9999,Bell Mobility,6574,In Service,Maryfield,May  9 2016 ,
639,776,0000-9999,Bell Mobility,6574,In Service,Milestone,May  9 2016 ,
639,777,0000-9999,Bell Mobility,6574,In Service,Strasbourg,May  9 2016 ,
639,778,0000-9999,Bell Mobility,6574,In Service,Wolseley,May  9 2016 ,
639,779,0000-9999,Bell Mobility,6574,In Service,Raymore,May  9 2016 ,
639,780,0000-9999,,,Not Available,,N/A,
639,781,0000-9999,Bell Mobility,6574,In Service,Coronach,Jun  8 2017 ,
639,782,0000-9999,Bell Mobility,6574,In Service,Lafleche,Jun  8 2017 ,
639,783,0000-9999,Bell Mobility,6574,In Service,Mossbank,Jun  8 2017 ,
639,784,0000-9999,Bell Mobility,6574,In Service,Rockglen,Jun  8 2017 ,
639,785,0000-9999,Bell Mobility,6574,In Service,Bengough,Jun  8 2017 ,
639,786,0000-9999,Bell Mobility,6574,In Service,Churchbridge,Jun  8 2017 ,
639,787,0000-9999,Bell Mobility,6574,In Service,Ituna,Jun  8 2017 ,
639,788,0000-9999,Bell Mobility,6574,In Service,Kelvington,Jun  8 2017 ,
639,789,0000-9999,Bell Mobility,6574,In Service,Lestock,Jun  8 2017 ,
639,790,0000-9999,Bell Mobility,6574,In Service,Norquay,Jun  8 2017 ,
639,791,0000-9999,Bell Mobility,6574,In Service,Rose Valley,Jun  8 2017 ,
639,792,0000-9999,Bell Mobility,6574,In Service,Wadena,Jun  8 2017 ,
639,793,0000-9999,Bell Mobility,6574,In Service,Eastend,Jun  8 2017 ,
639,794,0000-9999,Bell Mobility,6574,In Service,Frontier,Jun  8 2017 ,
639,795,0000-9999,Bell Mobility,6574,In Service,Herbert,Jun  8 2017 ,
639,796,0000-9999,Bell Mobility,6574,In Service,Leader,Jun  8 2017 ,
639,797,0000-9999,Bell Mobility,6574,In Service,Morse,Jun  8 2017 ,
639,798,0000-9999,Bell Mobility,6574,In Service,Ponteix,Jun  8 2017 ,
639,799,0000-9999,Bell Mobility,6574,In Service,Pangman,Jun  8 2017 ,
639,800,0000-9999,,,Available,,N/A,
639,801,0000-9999,,,Not Available,,N/A,
639,802,0000-9999,,,Available,,N/A,
639,803,0000-9999,,,Not Available,,N/A,
639,804,0000-9999,,,Not Available,,N/A,
639,805,0000-9999,,,Not Available,,N/A,
639,806,0000-9999,,,Not Available,,N/A,
639,807,0000-9999,,,Not Available,,N/A,
639,808,0000-9999,,,Not Available,,N/A,
639,809,0000-9999,,,Not Available,,N/A,
639,810,0000-9999,,,Not Available,,N/A,
639,811,0000-9999,,,Not Available,,N/A,
639,812,0000-9999,,,Not Available,,N/A,
639,813,0000-9999,Bell Mobility,6574,In Service,Radville,Jun  8 2017 ,
639,814,0000-9999,Bell Mobility,6574,In Service,Redvers,Jun  8 2017 ,
639,815,0000-9999,Bell Mobility,6574,In Service,Stoughton,Jun  8 2017 ,
639,816,0000-9999,,,Not Available,,N/A,
639,817,0000-9999,,,Not Available,,N/A,
639,818,0000-9999,Bell Mobility,6574,In Service,Lampman,Aug  4 2017 ,
639,819,0000-9999,Bell Mobility,6574,In Service,Midale,Aug  4 2017 ,
639,820,0000-9999,Bell Mobility,6574,In Service,Tribune,Aug  4 2017 ,
639,821,0000-9999,SaskTel Mobility,9868,In Service,La Loche,Oct 29 2014 ,
639,822,0000-9999,SaskTel Mobility,9868,In Service,Neilburg,Oct 29 2014 ,
639,823,0000-9999,,,Not Available,,N/A,
639,824,0000-9999,,,Not Available,,N/A,
639,825,0000-9999,,,Not Available,,N/A,
639,826,0000-9999,,,Not Available,,N/A,
639,827,0000-9999,,,Not Available,,N/A,
639,828,0000-9999,Bell Mobility,6574,In Service,Gravelbourg,Sep  8 2017 ,
639,829,0000-9999,,,Not Available,,N/A,
639,830,0000-9999,,,Not Available,,N/A,
639,831,0000-9999,,,Not Available,,N/A,
639,832,0000-9999,SaskTel Mobility,9868,In Service,Ile-A-La-Crosse,Oct 29 2014 ,
639,833,0000-9999,SaskTel Mobility,9868,Assigned,Green Lake,May  9 2018 ,
639,834,0000-9999,,,Not Available,,N/A,
639,835,0000-9999,,,Not Available,,N/A,
639,836,0000-9999,SaskTel Mobility,9868,In Service,Loon Lake,Oct 29 2014 ,
639,837,0000-9999,,,Not Available,,N/A,
639,838,0000-9999,,,Not Available,,N/A,
639,839,0000-9999,,,Not Available,,N/A,
639,840,0000-0999,Bell Mobility,6574,In Service,Lloydminster,Jul  2 2014 ,
639,840,1000-1999,Bell Mobility,6574,In Service,Lloydminster,Jul  2 2014 ,
639,840,2000-2999,Bell Mobility,6574,In Service,Lloydminster,Jul  2 2014 ,
639,840,3000-3999,Bell Mobility,6574,In Service,Lloydminster,Jul  2 2014 ,
639,840,4000-4999,Bell Mobility,6574,In Service,Lloydminster,Jul  2 2014 ,
639,840,5000-5999,Bell Mobility,6574,In Service,Lloydminster,Jul  2 2014 ,
639,840,6000-6999,SaskTel Mobility,9868,In Service,Lloydminster,Jul  2 2014 ,
639,840,7000-7999,SaskTel Mobility,9868,In Service,Lloydminster,Jul  2 2014 ,
639,840,8000-8999,SaskTel Mobility,9868,In Service,Lloydminster,Jul  2 2014 ,
639,840,9000-9999,SaskTel Mobility,9868,In Service,Lloydminster,Jul  2 2014 ,
639,841,0000-9999,,,Not Available,,N/A,
639,842,0000-9999,,,Not Available,,N/A,
639,843,0000-9999,,,Not Available,,N/A,
639,844,0000-9999,SaskTel Mobility,9868,In Service,Turtleford,Oct 29 2014 ,
639,845,0000-9999,,,Not Available,,N/A,
639,846,0000-9999,,,Not Available,,N/A,
639,847,0000-9999,,,Not Available,,N/A,
639,848,0000-9999,,,Not Available,,N/A,
639,849,0000-9999,,,Not Available,,N/A,
639,850,0000-9999,,,Not Available,,N/A,
639,851,0000-9999,,,Not Available,,N/A,
639,852,0000-9999,,,Not Available,,N/A,
639,853,0000-9999,,,Not Available,,N/A,
639,854,0000-9999,,,Not Available,,N/A,
639,855,0000-9999,,,Not Available,,N/A,
639,856,0000-9999,,,Not Available,,N/A,
639,857,0000-9999,,,Not Available,,N/A,
639,858,0000-9999,,,Not Available,,N/A,
639,859,0000-9999,,,Not Available,,N/A,
639,860,0000-9999,,,Available,,N/A,
639,861,0000-9999,,,Available,,N/A,
639,862,0000-9999,,,Available,,N/A,
639,863,0000-9999,,,Available,,N/A,
639,864,0000-9999,,,Available,,N/A,
639,865,0000-9999,,,Available,,N/A,
639,866,0000-9999,,,Available,,N/A,
639,867,0000-9999,,,Available,,N/A,
639,868,0000-9999,,,Available,,N/A,
639,869,0000-9999,,,Available,,N/A,
639,870,0000-9999,,,Not Available,,N/A,
639,871,0000-9999,,,Not Available,,N/A,
639,872,0000-9999,,,Not Available,,N/A,
639,873,0000-9999,,,Not Available,,N/A,
639,874,0000-9999,,,Not Available,,N/A,
639,875,0000-9999,,,Not Available,,N/A,
639,876,0000-9999,,,Not Available,,N/A,
639,877,0000-9999,,,Available,,N/A,
639,878,0000-9999,,,Available,,N/A,
639,879,0000-9999,,,Not Available,,N/A,
639,880,0000-9999,,,Not Available,,N/A,
639,881,0000-9999,Bell Mobility,6574,In Service,Buffalo Narrows,Mar 15 2016 ,
639,882,0000-9999,Bell Mobility,6574,In Service,Loon Lake,Mar 15 2016 ,
639,883,0000-9999,Bell Mobility,6574,In Service,Paradise Hill,Mar 15 2016 ,
639,884,0000-9999,,,Available,,N/A,
639,885,0000-9999,,,Available,,N/A,
639,886,0000-9999,,,Available,,N/A,
639,887,0000-9999,,,Available,,N/A,
639,888,0000-9999,,,Available,,N/A,
639,889,0000-9999,Bell Mobility,6574,In Service,Lashburn,Mar 15 2016 ,
639,890,0000-9999,Bell Mobility,6574,In Service,Eston,Mar 15 2016 ,
639,891,0000-9999,Bell Mobility,6574,In Service,Kerrobert,Mar 15 2016 ,
639,892,0000-9999,Bell Mobility,6574,In Service,Macklin,Mar 15 2016 ,
639,893,0000-9999,Bell Mobility,6574,In Service,La Loche,Mar 15 2016 ,
639,894,0000-9999,Bell Mobility,6574,In Service,Maidstone,Mar 15 2016 ,
639,895,0000-9999,Bell Mobility,6574,In Service,North Battleford,Mar 15 2016 ,
639,896,0000-9999,Bell Mobility,6574,In Service,Rosetown,Mar 15 2016 ,
639,897,0000-9999,Bell Mobility,6574,In Service,Wilkie,Mar 15 2016 ,
639,898,0000-9999,Bell Mobility,6574,In Service,Turtleford,Mar 15 2016 ,
639,899,0000-9999,Bell Mobility,6574,In Service,Unity,Mar 15 2016 ,
639,900,0000-9999,,,Not Available,,N/A,
639,901,0000-9999,SaskTel Mobility,9868,In Service,Hepburn,Nov 27 2015 ,
639,902,0000-9999,SaskTel Mobility,9868,In Service,Imperial,Nov 27 2015 ,
639,903,0000-9999,SaskTel Mobility,9868,In Service,Lemberg,Nov 27 2015 ,
639,904,0000-9999,SaskTel Mobility,9868,In Service,Lucky Lake,Nov 27 2015 ,
639,905,0000-9999,SaskTel Mobility,9868,In Service,Maryfield,Nov 27 2015 ,
639,906,0000-9999,SaskTel Mobility,9868,In Service,Montmartre,Nov 27 2015 ,
639,907,0000-9999,SaskTel Mobility,9868,In Service,Nokomis,Nov 30 2015 ,
639,908,0000-9999,SaskTel Mobility,9868,In Service,Perdue,Nov 30 2015 ,
639,909,0000-9999,SaskTel Mobility,9868,In Service,Punnichy,Nov 30 2015 ,
639,910,0000-9999,,,Not Available,,N/A,
639,911,0000-9999,,,Not Available,,N/A,
639,912,0000-9999,SaskTel Mobility,9868,In Service,Qu'Appelle,Nov 30 2015 ,
639,913,0000-9999,SaskTel Mobility,9868,In Service,Radisson,Nov 30 2015 ,
639,914,0000-9999,SaskTel Mobility,9868,In Service,Strasbourg,Nov 30 2015 ,
639,915,0000-0999,Bell Mobility,6574,In Service,Regina,Feb  4 2016 ,
639,915,1000-1999,Bell Mobility,6574,In Service,Regina,Feb  4 2016 ,
639,915,2000-2999,Bell Mobility,6574,In Service,Regina,Feb  4 2016 ,
639,915,3000-3999,SaskTel Mobility,9868,In Service,Regina,Feb  4 2016 ,
639,915,4000-4999,SaskTel Mobility,9868,In Service,Regina,Feb  4 2016 ,
639,915,5000-5999,SaskTel Mobility,9868,In Service,Regina,Feb  4 2016 ,
639,915,6000-6999,SaskTel Mobility,9868,In Service,Regina,Feb  4 2016 ,
639,915,7000-7999,SaskTel Mobility,9868,In Service,Regina,Feb  4 2016 ,
639,915,8000-8999,SaskTel Mobility,9868,In Service,Regina,Feb  4 2016 ,
639,915,9000-9999,SaskTel Mobility,9868,In Service,Regina,Feb  4 2016 ,
639,916,0000-0999,Bell Mobility,6574,In Service,Saskatoon,Feb  4 2016 ,
639,916,1000-1999,Bell Mobility,6574,In Service,Saskatoon,Feb  4 2016 ,
639,916,2000-2999,Bell Mobility,6574,In Service,Saskatoon,Feb  4 2016 ,
639,916,3000-3999,SaskTel Mobility,9868,In Service,Saskatoon,Feb  4 2016 ,
639,916,4000-4999,SaskTel Mobility,9868,In Service,Saskatoon,Feb  4 2016 ,
639,916,5000-5999,SaskTel Mobility,9868,In Service,Saskatoon,Feb  4 2016 ,
639,916,6000-6999,SaskTel Mobility,9868,In Service,Saskatoon,Feb  4 2016 ,
639,916,7000-7999,SaskTel Mobility,9868,In Service,Saskatoon,Feb  4 2016 ,
639,916,8000-8999,SaskTel Mobility,9868,In Service,Saskatoon,Feb  4 2016 ,
639,916,9000-9999,SaskTel Mobility,9868,In Service,Saskatoon,Feb  4 2016 ,
639,917,0000-9999,SaskTel Mobility,9868,In Service,Beauval,Aug 16 2017 ,
639,918,0000-9999,SaskTel Mobility,9868,In Service,Bengough,Aug 16 2017 ,
639,919,0000-9999,SaskTel Mobility,9868,In Service,Birch Hills,Aug 16 2017 ,
639,920,0000-9999,SaskTel Mobility,9868,In Service,Cabri,Aug 16 2017 ,
639,921,0000-9999,SaskTel Mobility,9868,In Service,Calder,Aug 16 2017 ,
639,922,0000-9999,SaskTel Mobility,9868,In Service,Canwood,Aug 16 2017 ,
639,923,0000-9999,SaskTel Mobility,9868,In Service,Central Butte,Aug 16 2017 ,
639,924,0000-9999,SaskTel Mobility,9868,In Service,Eastend,Aug 16 2017 ,
639,925,0000-9999,SaskTel Mobility,9868,In Service,Frontier,Aug 16 2017 ,
639,926,0000-9999,SaskTel Mobility,9868,In Service,Herbert,Aug 16 2017 ,
639,927,0000-9999,SaskTel Mobility,9868,In Service,Invermay,Aug 16 2017 ,
639,928,0000-9999,SaskTel Mobility,9868,In Service,Ituna,Aug 16 2017 ,
639,929,0000-9999,SaskTel Mobility,9868,In Service,Kinistino,Aug 16 2017 ,
639,930,0000-9999,SaskTel Mobility,9868,In Service,Kyle,Aug 16 2017 ,
639,931,0000-9999,SaskTel Mobility,9868,In Service,Lafleche,Aug 16 2017 ,
639,932,0000-9999,SaskTel Mobility,9868,In Service,Leader,Aug 16 2017 ,
639,933,0000-9999,SaskTel Mobility,9868,In Service,Leask,Aug 16 2017 ,
639,934,0000-9999,SaskTel Mobility,9868,In Service,Luseland,Aug 16 2017 ,
639,935,0000-9999,SaskTel Mobility,9868,In Service,Mankota,Aug 16 2017 ,
639,936,0000-9999,,,Available,,N/A,
639,937,0000-9999,SaskTel Mobility,9868,In Service,Morse,Aug 16 2017 ,
639,938,0000-9999,SaskTel Mobility,9868,In Service,Naicam,Aug 16 2017 ,
639,939,0000-9999,SaskTel Mobility,9868,In Service,Norquay,Aug 16 2017 ,
639,940,0000-9999,SaskTel Mobility,9868,In Service,Pangman,Aug 16 2017 ,
639,941,0000-9999,SaskTel Mobility,9868,In Service,Pierceland,Aug 16 2017 ,
639,942,0000-9999,,,Not Available,,N/A,
639,943,0000-9999,SaskTel Mobility,9868,In Service,Ponteix,Aug 16 2017 ,
639,944,0000-9999,SaskTel Mobility,9868,In Service,Rockglen,Aug 16 2017 ,
639,945,0000-9999,SaskTel Mobility,9868,In Service,Rose Valley,Aug 16 2017 ,
639,946,0000-9999,SaskTel Mobility,9868,In Service,Smeaton,Aug 16 2017 ,
639,947,0000-9999,SaskTel Mobility,9868,In Service,Wadena,Aug 16 2017 ,
639,948,0000-9999,SaskTel Mobility,9868,In Service,Yellow Creek,Aug 16 2017 ,
639,949,0000-9999,,,Not Available,,N/A,
639,950,0000-9999,,,Not Available,,N/A,
639,951,0000-9999,,,Not Available,,N/A,
639,952,0000-9999,,,Not Available,,N/A,
639,953,0000-9999,,,Not Available,,N/A,
639,954,0000-9999,,,Not Available,,N/A,
639,955,0000-9999,,,Available,,N/A,
639,956,0000-9999,,,Not Available,,N/A,
639,957,0000-9999,,,Not Available,,N/A,
639,958,0000-9999,,,Not Available,,N/A,
639,959,0000-9999,,,Not Available,,N/A,
639,960,0000-9999,,,Available,,N/A,
639,961,0000-9999,,,Available,,N/A,
639,962,0000-9999,,,Available,,N/A,
639,963,0000-9999,,,Available,,N/A,
639,964,0000-9999,,,Not Available,,N/A,
639,965,0000-9999,,,Not Available,,N/A,
639,966,0000-9999,,,Not Available,,N/A,
639,967,0000-9999,,,Not Available,,N/A,
639,968,0000-9999,,,Not Available,,N/A,
639,969,0000-9999,,,Not Available,,N/A,
639,970,0000-9999,,,Not Available,,N/A,
639,971,0000-9999,,,Not Available,,N/A,
639,972,0000-9999,,,Not Available,,N/A,
639,973,0000-9999,,,Not Available,,N/A,
639,974,0000-9999,,,Not Available,,N/A,
639,975,0000-9999,,,Not Available,,N/A,
639,976,0000-9999,,,Not Available,,N/A,
639,977,0000-9999,,,Available,,N/A,
639,978,0000-9999,,,Available,,N/A,
639,979,0000-9999,,,Available,,N/A,
639,980,0000-9999,,,Available,,N/A,
639,981,0000-9999,,,Available,,N/A,
639,982,0000-9999,,,Available,,N/A,
639,983,0000-9999,,,Available,,N/A,
639,984,0000-9999,,,Available,,N/A,
639,985,0000-9999,,,Available,,N/A,
639,986,0000-9999,,,Available,,N/A,
639,987,0000-9999,,,Available,,N/A,
639,988,0000-9999,,,Available,,N/A,
639,989,0000-9999,,,Available,,N/A,
639,990,0000-9999,,,Not Available,,N/A,
639,991,0000-9999,,,Not Available,,N/A,
639,992,0000-9999,,,Not Available,,N/A,
639,993,0000-9999,,,Not Available,,N/A,
639,994,0000-9999,TELUS Mobility,8303,Assigned,Saskatoon,Oct 16 2018 ,
639,995,0000-9999,TELUS Mobility,8303,Assigned,Neilburg,Aug 31 2018 ,
639,996,0000-9999,TELUS Mobility,8303,In Service,Weyburn,Oct 31 2017 ,
639,997,0000-9999,TELUS Mobility,8303,In Service,Regina,Oct  7 2015 ,
639,998,0000-9999,TELUS Mobility,8303,In Service,Saskatoon,Sep 20 2013 ,
639,999,0000-9999,TELUS Mobility,8303,In Service,Regina,Sep 23 2013 ,
